periode_data,id_kel,nama_provinsi,nama_kota,nama_kecamatan,nama_kelurahan,odp,proses_pemantauan,selesai_pemantauan,odp_meninggal,pdp,masih_dirawat,pulang_dan_sehat,pdp_meninggal,positif,dirawat,sembuh,meninggal,self_isolation,keterangan
202007,3173071001,DKI JAKARTA,JAKARTA BARAT,PALMERAH,PALMERAH,440,14,37,2,387,0,0,0,1,0,1,861,162,699
202007,3175011004,DKI JAKARTA,JAKARTA TIMUR,MATRAMAN,PAL MERIAM,111,5,0,2,104,1,0,1,1,0,1,327,9,318
202007,3172051001,DKI JAKARTA,JAKARTA UTARA,PADEMANGAN,PADEMANGAN TIMUR,211,2,11,2,196,0,0,0,12,0,12,428,22,406
202007,3172051002,DKI JAKARTA,JAKARTA UTARA,PADEMANGAN,PADEMANGAN BARAT,825,17,159,5,644,0,0,0,5,1,4,1480,122,1358
202007,3175101004,DKI JAKARTA,JAKARTA TIMUR,CIPAYUNG,MUNJUL,75,1,1,0,73,0,0,0,2,0,2,82,15,67
202007,3173081002,DKI JAKARTA,JAKARTA BARAT,KEMBANGAN,MERUYA UTARA,94,5,4,6,79,0,0,0,3,0,3,220,44,176
202007,3173081003,DKI JAKARTA,JAKARTA BARAT,KEMBANGAN,MERUYA SELATAN,82,6,3,1,72,0,0,0,2,0,2,213,81,132
202007,3174011003,DKI JAKARTA,JAKARTA SELATAN,TEBET,MENTENG DALAM,137,2,16,4,115,0,0,0,11,0,11,295,20,275
202007,3174021005,DKI JAKARTA,JAKARTA SELATAN,SETIA BUDI,MENTENG ATAS,136,0,7,3,126,0,0,0,40,6,34,702,151,551
202007,3171061001,DKI JAKARTA,JAKARTA PUSAT,MENTENG,MENTENG,97,1,7,2,87,1,0,1,1,0,1,307,29,278
202007,3174071001,DKI JAKARTA,JAKARTA SELATAN,KEBAYORAN BARU,MELAWAI,9,0,1,0,8,0,0,0,1,0,1,26,0,26
202007,3172041003,DKI JAKARTA,JAKARTA UTARA,CILINCING,MARUNDA,111,2,37,0,72,0,0,0,0,0,0,118,16,102
202007,3173031003,DKI JAKARTA,JAKARTA BARAT,TAMAN SARI,MAPHAR,89,5,1,1,82,0,0,0,5,0,5,147,13,134
202007,3174011006,DKI JAKARTA,JAKARTA SELATAN,TEBET,MANGGARAI SELATAN,54,1,0,2,51,0,0,0,6,0,6,252,27,225
202007,3174011007,DKI JAKARTA,JAKARTA SELATAN,TEBET,MANGGARAI,83,4,2,0,77,0,0,0,4,0,4,217,11,206
202007,3171021005,DKI JAKARTA,JAKARTA PUSAT,SAWAH BESAR,MANGGA DUA SELATAN,106,11,0,1,94,0,0,0,1,0,1,195,10,185
202007,3173031005,DKI JAKARTA,JAKARTA BARAT,TAMAN SARI,MANGGA BESAR,41,2,2,1,36,0,0,0,0,0,0,78,14,64
202007,3174031001,DKI JAKARTA,JAKARTA SELATAN,MAMPANG PRAPATAN,MAMPANG PRAPATAN,81,7,0,2,72,0,0,0,0,0,0,402,65,337
202007,3175071005,DKI JAKARTA,JAKARTA TIMUR,DUREN SAWIT,MALAKA SARI,132,1,0,1,130,0,0,0,0,0,0,101,14,87
202007,3175071006,DKI JAKARTA,JAKARTA TIMUR,DUREN SAWIT,MALAKA JAYA,142,3,0,2,137,0,0,0,2,0,2,157,9,148
202007,3175081001,DKI JAKARTA,JAKARTA TIMUR,MAKASAR,MAKASAR,77,6,0,1,70,0,0,0,4,0,4,305,65,240
202007,3175101007,DKI JAKARTA,JAKARTA TIMUR,CIPAYUNG,LUBANG BUAYA,170,3,0,3,164,0,0,0,3,0,3,276,27,249
202007,LUAR DKI JAKARTA,LUAR DKI JAKARTA,LUAR DKI JAKARTA,LUAR DKI JAKARTA,LUAR DKI JAKARTA,11155,391,275,97,10392,11,1,10,307,32,275,13783,1341,12442
202007,3174091004,DKI JAKARTA,JAKARTA SELATAN,JAGAKARSA,LENTENG AGUNG,317,9,13,0,295,0,0,0,3,0,3,147,15,132
202007,3174061002,DKI JAKARTA,JAKARTA SELATAN,CILANDAK,LEBAK BULUS,135,8,1,2,124,0,0,0,27,0,27,266,15,251
202007,3172031003,DKI JAKARTA,JAKARTA UTARA,KOJA,LAGOA,256,2,2,1,251,0,0,0,4,0,4,206,28,178
202007,3171041005,DKI JAKARTA,JAKARTA PUSAT,SENEN,KWITANG,144,0,18,0,126,1,0,1,2,0,2,276,20,256
202007,3174021008,DKI JAKARTA,JAKARTA SELATAN,SETIA BUDI,KUNINGAN TIMUR,63,0,0,1,62,0,0,0,17,0,17,51,4,47
202007,3174031005,DKI JAKARTA,JAKARTA SELATAN,MAMPANG PRAPATAN,KUNINGAN BARAT,39,1,0,1,37,0,0,0,0,0,0,254,4,250
202007,3173031002,DKI JAKARTA,JAKARTA BARAT,TAMAN SARI,KRUKUT,69,3,1,6,59,0,0,0,3,0,3,162,10,152
202007,3174071003,DKI JAKARTA,JAKARTA SELATAN,KEBAYORAN BARU,KRAMAT PELA,32,2,1,0,29,0,0,0,0,0,0,336,131,205
202007,3175041001,DKI JAKARTA,JAKARTA TIMUR,KRAMAT JATI,KRAMAT JATI,115,4,6,1,104,0,0,0,6,2,4,242,28,214
202007,3171041004,DKI JAKARTA,JAKARTA PUSAT,SENEN,KRAMAT,175,8,16,5,146,0,0,0,3,0,3,538,46,492
202007,3173071003,DKI JAKARTA,JAKARTA BARAT,PALMERAH,KOTA BAMBU UTARA,179,8,12,11,148,0,0,0,0,0,0,333,57,276
202007,3173071006,DKI JAKARTA,JAKARTA BARAT,PALMERAH,KOTA BAMBU SELATAN,209,5,21,5,178,0,0,0,0,0,0,537,62,475
202007,3172031001,DKI JAKARTA,JAKARTA UTARA,KOJA,KOJA,146,5,0,0,141,0,0,0,4,0,4,194,13,181
202007,3175071003,DKI JAKARTA,JAKARTA TIMUR,DUREN SAWIT,KLENDER,267,3,3,2,259,0,0,0,2,0,2,251,23,228
202007,3173041005,DKI JAKARTA,JAKARTA BARAT,TAMBORA,KERENDANG,112,10,4,2,96,0,0,0,0,0,0,108,9,99
202007,3171041002,DKI JAKARTA,JAKARTA PUSAT,SENEN,KENARI,97,1,3,1,92,0,0,0,0,0,0,263,7,256
202007,3173081001,DKI JAKARTA,JAKARTA BARAT,KEMBANGAN,KEMBANGAN UTARA,120,6,10,3,101,0,0,0,2,0,2,579,61,518
202007,3173081006,DKI JAKARTA,JAKARTA BARAT,KEMBANGAN,KEMBANGAN SELATAN,67,4,2,1,60,0,0,0,5,0,5,249,11,238
202007,3171031001,DKI JAKARTA,JAKARTA PUSAT,KEMAYORAN,KEMAYORAN,163,5,6,3,149,0,0,0,0,0,0,256,11,245
202007,3173071005,DKI JAKARTA,JAKARTA BARAT,PALMERAH,KEMANGGISAN,143,5,9,6,123,0,0,0,4,1,3,328,38,290
202007,3172061001,DKI JAKARTA,JAKARTA UTARA,KELAPA GADING,KELAPA GADING TIMUR,312,3,12,2,295,0,0,0,15,5,10,591,26,565
202007,3172061003,DKI JAKARTA,JAKARTA UTARA,KELAPA GADING,KELAPA GADING BARAT,327,3,15,2,307,0,0,0,38,3,35,580,49,531
202007,3174051005,DKI JAKARTA,JAKARTA SELATAN,KEBAYORAN LAMA,GROGOL SELATAN,97,4,3,4,86,1,1,0,11,0,11,349,22,327
202007,3174051004,DKI JAKARTA,JAKARTA SELATAN,KEBAYORAN LAMA,GROGOL UTARA,141,3,3,4,131,0,0,0,24,1,23,349,20,329
202007,3174021007,DKI JAKARTA,JAKARTA SELATAN,SETIA BUDI,GUNTUR,19,0,3,0,16,0,0,0,0,0,0,55,8,47
202007,3174071002,DKI JAKARTA,JAKARTA SELATAN,KEBAYORAN BARU,GUNUNG,44,1,0,3,40,0,0,0,7,0,7,176,48,128
202007,3171031005,DKI JAKARTA,JAKARTA PUSAT,KEMAYORAN,GUNUNG SAHARI SELATAN,120,4,1,1,114,0,0,0,2,0,2,162,7,155
202007,3171021004,DKI JAKARTA,JAKARTA PUSAT,SAWAH BESAR,GUNUNG SAHARI UTARA,98,6,0,1,91,0,0,0,3,2,1,142,3,139
202007,3175081004,DKI JAKARTA,JAKARTA TIMUR,MAKASAR,HALIM PERDANA KUSUMAH,54,1,2,2,49,0,0,0,2,0,2,128,37,91
202007,3171031003,DKI JAKARTA,JAKARTA PUSAT,KEMAYORAN,HARAPAN MULIA,140,6,0,3,131,0,0,0,5,0,5,173,11,162
202007,3174091001,DKI JAKARTA,JAKARTA SELATAN,JAGAKARSA,JAGAKARSA,345,4,65,2,274,1,0,1,5,0,5,288,30,258
202007,3175021007,DKI JAKARTA,JAKARTA TIMUR,PULO GADUNG,JATI,87,9,1,1,76,0,0,0,4,0,4,330,110,220
202007,3174041002,DKI JAKARTA,JAKARTA SELATAN,PASAR MINGGU,JATI PADANG,135,7,5,2,121,0,0,0,2,0,2,271,61,210
202007,3173071004,DKI JAKARTA,JAKARTA BARAT,PALMERAH,JATI PULO,186,7,11,4,164,0,0,0,3,1,2,336,23,313
202007,3175061001,DKI JAKARTA,JAKARTA TIMUR,CAKUNG,JATINEGARA,136,8,1,3,124,0,0,0,2,0,2,349,61,288
202007,3175021004,DKI JAKARTA,JAKARTA TIMUR,PULO GADUNG,JATINEGARA KAUM,20,0,2,0,18,0,0,0,3,0,3,100,19,81
202007,3173021004,DKI JAKARTA,JAKARTA BARAT,GROGOL PETAMBURAN,JELAMBAR,100,5,2,5,88,0,0,0,22,0,22,384,34,350
202007,3173021006,DKI JAKARTA,JAKARTA BARAT,GROGOL PETAMBURAN,JELAMBAR BARU,148,2,7,2,137,0,0,0,4,0,4,373,107,266
202007,3173041006,DKI JAKARTA,JAKARTA BARAT,TAMBORA,JEMBATAN BESI,293,14,43,1,235,0,0,0,3,3,0,309,71,238
202007,3173041008,DKI JAKARTA,JAKARTA BARAT,TAMBORA,JEMBATAN LIMA,73,2,4,0,67,0,0,0,0,0,0,92,3,89
202007,3173081005,DKI JAKARTA,JAKARTA BARAT,KEMBANGAN,JOGLO,99,5,5,4,85,0,0,0,4,1,3,195,12,183
202007,3171081001,DKI JAKARTA,JAKARTA PUSAT,JOHAR BARU,JOHAR BARU,217,7,2,3,205,0,0,0,3,0,3,663,32,631
202007,3173041002,DKI JAKARTA,JAKARTA BARAT,TAMBORA,KALI ANYAR,121,9,9,0,103,0,0,0,3,0,3,189,19,170
202007,3172041004,DKI JAKARTA,JAKARTA UTARA,CILINCING,KALI BARU,120,13,1,5,101,0,0,0,1,0,1,210,53,157
202007,3174081002,DKI JAKARTA,JAKARTA SELATAN,PANCORAN,KALIBATA,190,9,2,3,176,0,0,0,8,2,6,264,12,252
202007,3173061001,DKI JAKARTA,JAKARTA BARAT,KALI DERES,KALIDERES,388,7,34,4,343,0,0,0,5,0,5,1248,180,1068
202007,3175051004,DKI JAKARTA,JAKARTA TIMUR,PASAR REBO,KALISARI,181,2,6,0,173,0,0,0,1,0,1,136,26,110
202007,3173061004,DKI JAKARTA,JAKARTA BARAT,KALI DERES,KAMAL,147,2,15,3,127,0,0,0,0,0,0,294,29,265
202007,3172011002,DKI JAKARTA,JAKARTA UTARA,PENJARINGAN,KAMAL MUARA,15,1,0,0,14,0,0,0,4,0,4,45,17,28
202007,3171071007,DKI JAKARTA,JAKARTA PUSAT,TANAH ABANG,KAMPUNG BALI,75,4,9,2,60,0,0,0,2,1,1,99,0,99
202007,3175031001,DKI JAKARTA,JAKARTA TIMUR,JATINEGARA,KAMPUNG MELAYU,42,2,0,4,36,0,0,0,3,0,3,68,5,63
202007,3171081002,DKI JAKARTA,JAKARTA PUSAT,JOHAR BARU,KAMPUNG RAWA,116,11,1,0,104,1,0,1,0,0,0,281,7,274
202007,3175041002,DKI JAKARTA,JAKARTA TIMUR,KRAMAT JATI,KAMPUNG TENGAH,223,13,15,1,194,0,0,0,7,0,7,554,112,442
202007,3173011005,DKI JAKARTA,JAKARTA BARAT,CENGKARENG,KAPUK,168,11,8,16,133,0,0,0,5,1,4,486,124,362
202007,3172011003,DKI JAKARTA,JAKARTA UTARA,PENJARINGAN,KAPUK MUARA,58,4,1,0,53,0,0,0,9,2,7,147,44,103
202007,3171021002,DKI JAKARTA,JAKARTA PUSAT,SAWAH BESAR,KARANG ANYAR,229,15,3,4,207,1,1,0,3,0,3,419,17,402
202007,3174021004,DKI JAKARTA,JAKARTA SELATAN,SETIA BUDI,KARET,53,1,0,0,52,0,0,0,8,0,8,139,4,135
202007,3174021003,DKI JAKARTA,JAKARTA SELATAN,SETIA BUDI,KARET KUNINGAN,80,1,1,1,77,0,0,0,20,0,20,191,4,187
202007,3174021002,DKI JAKARTA,JAKARTA SELATAN,SETIA BUDI,KARET SEMANGGI,39,0,0,1,38,0,0,0,3,0,3,41,1,40
202007,3171071003,DKI JAKARTA,JAKARTA PUSAT,TANAH ABANG,KARET TENGSIN,106,6,12,0,88,0,0,0,7,0,7,132,6,126
202007,3171021003,DKI JAKARTA,JAKARTA PUSAT,SAWAH BESAR,KARTINI,167,7,1,1,158,0,0,0,0,0,0,282,13,269
202007,3175011003,DKI JAKARTA,JAKARTA TIMUR,MATRAMAN,KAYU MANIS,114,4,0,0,110,1,0,1,0,0,0,284,11,273
202007,3175021006,DKI JAKARTA,JAKARTA TIMUR,PULO GADUNG,KAYU PUTIH,169,12,1,4,152,0,0,0,10,0,10,450,104,346
202007,3173031006,DKI JAKARTA,JAKARTA BARAT,TAMAN SARI,KEAGUNGAN,78,2,22,0,54,0,0,0,2,2,0,139,28,111
202007,3174041007,DKI JAKARTA,JAKARTA SELATAN,PASAR MINGGU,KEBAGUSAN,135,7,6,1,121,0,0,0,0,0,0,195,49,146
202007,3174051006,DKI JAKARTA,JAKARTA SELATAN,KEBAYORAN LAMA,KEBAYORAN LAMA SELATAN,147,7,4,0,136,1,0,1,1,0,1,481,59,422
202007,3174051001,DKI JAKARTA,JAKARTA SELATAN,KEBAYORAN LAMA,KEBAYORAN LAMA UTARA,114,2,1,1,110,0,0,0,15,0,15,266,30,236
202007,3174011004,DKI JAKARTA,JAKARTA SELATAN,TEBET,KEBON BARU,88,1,4,2,81,0,0,0,15,0,15,282,17,265
202007,3172021005,DKI JAKARTA,JAKARTA UTARA,TANJUNG PRIOK,KEBON BAWANG,196,8,23,1,164,0,0,0,10,3,7,414,98,316
202007,3173051001,DKI JAKARTA,JAKARTA BARAT,KEBON JERUK,KEBON JERUK,208,3,3,5,197,0,0,0,9,0,9,726,33,693
202007,3171071006,DKI JAKARTA,JAKARTA PUSAT,TANAH ABANG,KEBON KACANG,284,6,14,1,263,0,0,0,0,0,0,276,7,269
202007,3171011005,DKI JAKARTA,JAKARTA PUSAT,GAMBIR,KEBON KELAPA,63,4,2,1,56,0,0,0,1,0,1,74,3,71
202007,3171031002,DKI JAKARTA,JAKARTA PUSAT,KEMAYORAN,KEBON KOSONG,156,7,12,5,132,0,0,0,7,0,7,189,35,154
202007,3175011005,DKI JAKARTA,JAKARTA TIMUR,MATRAMAN,KEBON MANGGIS,70,4,5,4,57,0,0,0,1,0,1,69,8,61
202007,3171071005,DKI JAKARTA,JAKARTA PUSAT,TANAH ABANG,KEBON MELATI,242,9,10,2,221,0,0,0,5,0,5,289,7,282
202007,3175081003,DKI JAKARTA,JAKARTA TIMUR,MAKASAR,KEBON PALA,64,1,3,1,59,0,0,0,2,0,2,357,101,256
202007,3171061005,DKI JAKARTA,JAKARTA PUSAT,MENTENG,KEBON SIRIH,64,0,2,2,60,0,0,0,2,0,2,179,12,167
202007,3173011004,DKI JAKARTA,JAKARTA BARAT,CENGKARENG,KEDAUNG KALI ANGKE,53,3,2,0,48,0,0,0,1,0,1,130,10,120
202007,3173051007,DKI JAKARTA,JAKARTA BARAT,KEBON JERUK,KEDOYA SELATAN,99,2,1,5,91,1,0,1,4,0,4,234,11,223
202007,3173051006,DKI JAKARTA,JAKARTA BARAT,KEBON JERUK,KEDOYA UTARA,87,4,0,2,81,0,0,0,15,0,15,335,18,317
202007,3173051004,DKI JAKARTA,JAKARTA BARAT,KEBON JERUK,KELAPA DUA,56,0,0,0,56,0,0,0,1,0,1,161,21,140
202007,3175091003,DKI JAKARTA,JAKARTA TIMUR,CIRACAS,KELAPA DUA WETAN,126,2,3,1,120,0,0,0,0,0,0,486,59,427
202007,3175061003,DKI JAKARTA,JAKARTA TIMUR,CAKUNG,PENGGILINGAN,162,3,0,1,158,0,0,0,4,1,3,409,119,290
202007,3172011001,DKI JAKARTA,JAKARTA UTARA,PENJARINGAN,PENJARINGAN,331,11,4,4,312,1,0,1,21,1,20,1960,48,1912
202007,3174101001,DKI JAKARTA,JAKARTA SELATAN,PESANGGRAHAN,PESANGGRAHAN,165,3,4,4,154,0,0,0,0,0,0,207,15,192
202007,3171071004,DKI JAKARTA,JAKARTA PUSAT,TANAH ABANG,PETAMBURAN,335,6,9,7,313,0,0,0,7,0,7,239,20,219
202007,3174071008,DKI JAKARTA,JAKARTA SELATAN,KEBAYORAN BARU,PETOGOGAN,47,1,10,0,36,0,0,0,2,0,2,148,55,93
202007,3171011004,DKI JAKARTA,JAKARTA PUSAT,GAMBIR,PETOJO SELATAN,80,5,4,1,70,0,0,0,15,2,13,271,18,253
202007,3171011003,DKI JAKARTA,JAKARTA PUSAT,GAMBIR,PETOJO UTARA,78,10,4,3,61,0,0,0,10,0,10,190,12,178
202007,3174101004,DKI JAKARTA,JAKARTA SELATAN,PESANGGRAHAN,PETUKANGAN SELATAN,166,9,26,2,129,0,0,0,0,0,0,373,42,331
202007,3174101003,DKI JAKARTA,JAKARTA SELATAN,PESANGGRAHAN,PETUKANGAN UTARA,189,7,4,4,174,1,0,1,3,0,3,447,20,427
202007,3175081002,DKI JAKARTA,JAKARTA TIMUR,MAKASAR,PINANG RANTI,58,2,0,1,55,0,0,0,0,0,0,325,106,219
202007,3173031008,DKI JAKARTA,JAKARTA BARAT,TAMAN SARI,PINANGSIA,36,0,8,1,27,0,0,0,2,0,2,124,27,97
202007,3175011001,DKI JAKARTA,JAKARTA TIMUR,MATRAMAN,PISANGAN BARU,95,4,0,3,88,0,0,0,1,0,1,120,13,107
202007,3173021001,DKI JAKARTA,JAKARTA BARAT,GROGOL PETAMBURAN,GROGOL,117,7,2,4,104,0,0,0,39,0,39,391,20,371
202007,3171061004,DKI JAKARTA,JAKARTA PUSAT,MENTENG,GONDANGDIA,20,0,2,1,17,0,0,0,4,0,4,61,1,60
202007,3173031007,DKI JAKARTA,JAKARTA BARAT,TAMAN SARI,GLODOK,35,1,2,0,32,0,0,0,0,0,0,57,8,49
202007,3171071001,DKI JAKARTA,JAKARTA PUSAT,TANAH ABANG,GELORA,31,0,0,1,30,0,0,0,5,0,5,55,1,54
202007,3175051001,DKI JAKARTA,JAKARTA TIMUR,PASAR REBO,GEDONG,261,10,0,0,251,0,0,0,0,0,0,120,16,104
202007,3174071009,DKI JAKARTA,JAKARTA SELATAN,KEBAYORAN BARU,GANDARIA UTARA,102,2,1,1,98,0,0,0,2,1,1,301,35,266
202007,3174061004,DKI JAKARTA,JAKARTA SELATAN,CILANDAK,GANDARIA SELATAN,77,2,19,0,56,1,0,1,20,0,20,223,127,96
202007,3171011001,DKI JAKARTA,JAKARTA PUSAT,GAMBIR,GAMBIR,28,0,0,0,28,0,0,0,17,0,17,113,14,99
202007,3171081003,DKI JAKARTA,JAKARTA PUSAT,JOHAR BARU,GALUR,50,6,1,0,43,0,0,0,2,0,2,169,12,157
202007,3173041003,DKI JAKARTA,JAKARTA BARAT,TAMBORA,DURI UTARA,81,2,5,2,72,0,0,0,1,0,1,104,31,73
202007,3173041011,DKI JAKARTA,JAKARTA BARAT,TAMBORA,DURI SELATAN,42,7,4,1,30,0,0,0,1,0,1,58,12,46
202007,3171011006,DKI JAKARTA,JAKARTA PUSAT,GAMBIR,DURI PULO,59,8,3,3,45,0,0,0,0,0,0,116,8,108
202007,3173011002,DKI JAKARTA,JAKARTA BARAT,CENGKARENG,DURI KOSAMBI,142,12,0,3,127,0,0,0,3,0,3,330,18,312
202007,3173051005,DKI JAKARTA,JAKARTA BARAT,KEBON JERUK,DURI KEPA,153,1,4,2,146,0,0,0,7,0,7,540,26,514
202007,3174081004,DKI JAKARTA,JAKARTA SELATAN,PANCORAN,DUREN TIGA,142,0,3,0,139,0,0,0,3,1,2,256,25,231
202007,3175071001,DKI JAKARTA,JAKARTA TIMUR,DUREN SAWIT,DUREN SAWIT,344,14,2,3,325,2,0,2,1,0,1,247,36,211
202007,3175041003,DKI JAKARTA,JAKARTA TIMUR,KRAMAT JATI,DUKUH,91,1,7,1,82,0,0,0,1,0,1,195,82,113
202007,3175091001,DKI JAKARTA,JAKARTA TIMUR,CIRACAS,CIRACAS,190,9,6,9,166,0,0,0,15,6,9,718,183,535
202007,3174051003,DKI JAKARTA,JAKARTA SELATAN,KEBAYORAN LAMA,CIPULIR,98,4,4,4,86,0,0,0,6,0,6,333,23,310
202007,3175031006,DKI JAKARTA,JAKARTA TIMUR,JATINEGARA,CIPINANG MUARA,98,2,5,1,90,0,0,0,4,0,4,222,22,200
202007,3175081005,DKI JAKARTA,JAKARTA TIMUR,MAKASAR,CIPINANG MELAYU,77,3,4,2,68,0,0,0,2,0,2,204,24,180
202007,3175031005,DKI JAKARTA,JAKARTA TIMUR,JATINEGARA,CIPINANG CEMPEDAK,72,1,3,2,66,0,0,0,1,0,1,88,6,82
202007,3175031008,DKI JAKARTA,JAKARTA TIMUR,JATINEGARA,CIPINANG BESAR UTARA,57,3,3,0,51,0,0,0,3,0,3,266,11,255
202007,3175031007,DKI JAKARTA,JAKARTA TIMUR,JATINEGARA,CIPINANG BESAR SELATAN,65,3,2,1,59,0,0,0,1,0,1,115,5,110
202007,3175021003,DKI JAKARTA,JAKARTA TIMUR,PULO GADUNG,CIPINANG,64,3,3,2,56,0,0,0,3,0,3,286,49,237
202007,3174071010,DKI JAKARTA,JAKARTA SELATAN,KEBAYORAN BARU,CIPETE UTARA,114,9,1,3,101,0,0,0,9,0,9,228,64,164
202007,3174061005,DKI JAKARTA,JAKARTA SELATAN,CILANDAK,CIPETE SELATAN,97,3,2,1,91,0,0,0,42,0,42,165,13,152
202007,3174091006,DKI JAKARTA,JAKARTA SELATAN,JAGAKARSA,CIPEDAK,238,4,90,0,144,1,0,1,0,0,0,124,13,111
202007,3175101001,DKI JAKARTA,JAKARTA TIMUR,CIPAYUNG,CIPAYUNG,149,5,5,2,137,0,0,0,2,0,2,151,15,136
202007,3172041001,DKI JAKARTA,JAKARTA UTARA,CILINCING,CILINCING,165,6,9,1,149,0,0,0,4,0,4,544,60,484
202007,3175041006,DKI JAKARTA,JAKARTA TIMUR,KRAMAT JATI,CILILITAN,98,2,14,1,81,0,0,0,3,2,1,254,79,175
202007,3175101002,DKI JAKARTA,JAKARTA TIMUR,CIPAYUNG,CILANGKAP,111,2,4,1,104,0,0,0,1,0,1,134,14,120
202007,3174041003,DKI JAKARTA,JAKARTA SELATAN,PASAR MINGGU,CILANDAK TIMUR,90,4,8,1,77,0,0,0,17,0,17,147,50,97
202007,3174061001,DKI JAKARTA,JAKARTA SELATAN,CILANDAK,CILANDAK BARAT,248,8,4,5,231,0,0,0,88,0,88,461,18,443
202007,3174081006,DKI JAKARTA,JAKARTA SELATAN,PANCORAN,CIKOKO,40,1,2,0,37,0,0,0,12,0,12,134,13,121
202007,3171061003,DKI JAKARTA,JAKARTA PUSAT,MENTENG,CIKINI,44,1,0,0,43,0,0,0,0,0,0,114,6,108
202007,3175051003,DKI JAKARTA,JAKARTA TIMUR,PASAR REBO,CIJANTUNG,183,0,1,3,179,0,0,0,1,0,1,196,20,176
202007,3174091003,DKI JAKARTA,JAKARTA SELATAN,JAGAKARSA,CIGANJUR,306,9,88,1,208,0,0,0,9,0,9,150,8,142
202007,3171011002,DKI JAKARTA,JAKARTA PUSAT,GAMBIR,CIDENG,119,9,0,2,108,0,0,0,7,0,7,196,2,194
202007,3175091002,DKI JAKARTA,JAKARTA TIMUR,CIRACAS,CIBUBUR,202,5,5,4,188,0,0,0,18,5,13,922,85,837
202007,3173011006,DKI JAKARTA,JAKARTA BARAT,CENGKARENG,CENGKARENG TIMUR,150,16,4,6,124,1,0,1,3,0,3,547,36,511
202007,3173011001,DKI JAKARTA,JAKARTA BARAT,CENGKARENG,CENGKARENG BARAT,106,5,13,1,87,0,0,0,4,0,4,516,40,476
202007,3171051001,DKI JAKARTA,JAKARTA PUSAT,CEMPAKA PUTIH,CEMPAKA PUTIH TIMUR,248,10,5,1,232,0,0,0,7,0,7,775,34,741
202007,3171051002,DKI JAKARTA,JAKARTA PUSAT,CEMPAKA PUTIH,CEMPAKA PUTIH BARAT,420,10,10,2,398,0,0,0,7,0,7,999,71,928
202007,3171031006,DKI JAKARTA,JAKARTA PUSAT,KEMAYORAN,CEMPAKA BARU,203,5,8,2,188,0,0,0,7,3,4,222,34,188
202007,3175101008,DKI JAKARTA,JAKARTA TIMUR,CIPAYUNG,CEGER,71,2,0,0,69,0,0,0,0,0,0,67,6,61
202007,3175041007,DKI JAKARTA,JAKARTA TIMUR,KRAMAT JATI,CAWANG,81,1,8,0,72,0,0,0,4,2,2,220,62,158
202007,3175061004,DKI JAKARTA,JAKARTA TIMUR,CAKUNG,CAKUNG TIMUR,83,3,3,2,75,0,0,0,3,0,3,234,22,212
202007,3175061007,DKI JAKARTA,JAKARTA TIMUR,CAKUNG,CAKUNG BARAT,86,0,4,1,81,0,0,0,0,0,0,220,19,201
202007,3171041006,DKI JAKARTA,JAKARTA PUSAT,SENEN,BUNGUR,88,4,9,2,73,0,0,0,13,0,13,272,21,251
202007,3174011005,DKI JAKARTA,JAKARTA SELATAN,TEBET,BUKIT DURI,92,1,2,3,86,1,0,1,13,0,13,207,12,195
202007,3174101002,DKI JAKARTA,JAKARTA SELATAN,PESANGGRAHAN,BINTARO,361,5,46,2,308,1,0,1,7,0,7,647,72,575
202007,3175031002,DKI JAKARTA,JAKARTA TIMUR,JATINEGARA,BIDARA CINA,79,1,4,3,71,0,0,0,0,0,0,147,26,121
202007,3171071002,DKI JAKARTA,JAKARTA PUSAT,TANAH ABANG,BENDUNGAN HILIR,183,10,14,0,159,0,0,0,2,0,2,230,12,218
202007,BELUM DIKETAHUI,BELUM DIKETAHUI,BELUM DIKETAHUI,BELUM DIKETAHUI,BELUM DIKETAHUI,11126,0,0,1626,9500,587,586,1,116,0,116,6179,1,6178
202007,3175041004,DKI JAKARTA,JAKARTA TIMUR,KRAMAT JATI,BATU AMPAR,145,6,11,0,128,1,1,0,1,0,1,324,112,212
202007,3175051002,DKI JAKARTA,JAKARTA TIMUR,PASAR REBO,BARU,63,1,0,1,61,0,0,0,2,0,2,74,11,63
202007,3174031002,DKI JAKARTA,JAKARTA SELATAN,MAMPANG PRAPATAN,BANGKA,91,1,0,2,88,0,0,0,18,0,18,376,7,369
202007,3175101006,DKI JAKARTA,JAKARTA TIMUR,CIPAYUNG,BAMBU APUS,111,0,1,1,109,0,0,0,2,0,2,146,26,120
202007,3175031003,DKI JAKARTA,JAKARTA TIMUR,JATINEGARA,BALI MESTER,34,0,0,1,33,0,0,0,0,0,0,32,1,31
202007,3175041005,DKI JAKARTA,JAKARTA TIMUR,KRAMAT JATI,BALE KAMBANG,74,9,8,1,56,0,0,0,3,1,2,177,81,96
202007,3173041007,DKI JAKARTA,JAKARTA BARAT,TAMBORA,ANGKE,202,4,7,2,189,0,0,0,0,0,0,296,16,280
202007,3172051003,DKI JAKARTA,JAKARTA UTARA,PADEMANGAN,ANCOL,164,8,28,0,128,0,0,0,7,2,5,311,34,277
202007,3174081005,DKI JAKARTA,JAKARTA SELATAN,PANCORAN,PENGADEGAN,69,2,4,2,61,0,0,0,7,0,7,153,10,143
202007,3174031003,DKI JAKARTA,JAKARTA SELATAN,MAMPANG PRAPATAN,PELA MAMPANG,146,7,0,2,137,0,0,0,13,1,12,524,31,493
202007,3173041009,DKI JAKARTA,JAKARTA BARAT,TAMBORA,PEKOJAN,134,6,6,2,120,0,0,0,2,0,2,130,5,125
202007,3175051005,DKI JAKARTA,JAKARTA TIMUR,PASAR REBO,PEKAYON,257,1,2,1,253,0,0,0,2,0,2,83,8,75
202007,3174041005,DKI JAKARTA,JAKARTA SELATAN,PASAR MINGGU,PEJATEN TIMUR,162,6,4,1,151,1,0,1,1,0,1,268,27,241
202007,3174041006,DKI JAKARTA,JAKARTA SELATAN,PASAR MINGGU,PEJATEN BARAT,128,3,5,2,118,2,0,2,1,0,1,326,130,196
202007,3172011004,DKI JAKARTA,JAKARTA UTARA,PENJARINGAN,PEJAGALAN,107,6,4,2,95,0,0,0,5,0,5,359,38,321
202007,3172061002,DKI JAKARTA,JAKARTA UTARA,KELAPA GADING,PEGANGSAAN DUA,373,6,22,1,344,0,0,0,36,9,27,900,92,808
202007,3171061002,DKI JAKARTA,JAKARTA PUSAT,MENTENG,PEGANGSAAN,121,14,5,2,100,0,0,0,0,0,0,457,28,429
202007,3173061005,DKI JAKARTA,JAKARTA BARAT,KALI DERES,PEGADUNGAN,308,5,32,7,264,0,0,0,6,0,6,705,63,642
202007,3171041003,DKI JAKARTA,JAKARTA PUSAT,SENEN,PASEBAN,204,4,7,1,192,0,0,0,3,0,3,352,43,309
202007,3174041001,DKI JAKARTA,JAKARTA SELATAN,PASAR MINGGU,PASAR MINGGU,120,6,4,1,109,0,0,0,3,0,3,239,16,223
202007,3174021006,DKI JAKARTA,JAKARTA SELATAN,SETIA BUDI,PASAR MANGGIS,86,3,2,3,78,0,0,0,15,0,15,359,8,351
202007,3171021001,DKI JAKARTA,JAKARTA PUSAT,SAWAH BESAR,PASAR BARU,85,5,0,2,78,0,0,0,4,0,4,179,7,172
202007,3172021003,DKI JAKARTA,JAKARTA UTARA,TANJUNG PRIOK,PAPANGGO,132,0,17,0,115,0,0,0,5,1,4,330,74,256
202007,3174081001,DKI JAKARTA,JAKARTA SELATAN,PANCORAN,PANCORAN,94,2,3,0,89,0,0,0,8,0,8,308,29,279
202007,3171071001,DKI JAKARTA,JAKARTA PUSAT,TANAH ABANG,GELORA,30,0,0,1,29,0,0,0,0,5,0,5,50,0
202007,3173031007,DKI JAKARTA,JAKARTA BARAT,TAMAN SARI,GLODOK,33,0,3,0,30,0,0,0,0,0,0,0,49,18
202007,3171061004,DKI JAKARTA,JAKARTA PUSAT,MENTENG,GONDANGDIA,18,0,0,1,17,0,0,0,0,4,0,4,59,22
202007,3173021001,DKI JAKARTA,JAKARTA BARAT,GROGOL PETAMBURAN,GROGOL,110,3,1,3,103,0,0,0,0,39,0,39,364,7
202007,3174051005,DKI JAKARTA,JAKARTA SELATAN,KEBAYORAN LAMA,GROGOL SELATAN,91,4,1,3,83,1,0,1,0,11,0,11,314,27
202007,3174051004,DKI JAKARTA,JAKARTA SELATAN,KEBAYORAN LAMA,GROGOL UTARA,134,4,1,4,125,0,0,0,0,23,0,23,326,12
202007,3174021007,DKI JAKARTA,JAKARTA SELATAN,SETIA BUDI,GUNTUR,17,1,1,0,15,0,0,0,0,0,0,0,49,6
202007,3174071002,DKI JAKARTA,JAKARTA SELATAN,KEBAYORAN BARU,GUNUNG,42,0,0,3,39,0,0,0,0,7,0,7,135,13
202007,3171031005,DKI JAKARTA,JAKARTA PUSAT,KEMAYORAN,GUNUNG SAHARI SELATAN,116,4,2,1,109,0,0,0,0,2,0,2,155,8
202007,3171021004,DKI JAKARTA,JAKARTA PUSAT,SAWAH BESAR,GUNUNG SAHARI UTARA,92,3,1,1,87,0,0,0,0,2,1,1,136,13
202007,3175081004,DKI JAKARTA,JAKARTA TIMUR,MAKASAR,HALIM PERDANA KUSUMAH,52,6,2,2,42,0,0,0,0,2,0,2,100,28
202007,3171031003,DKI JAKARTA,JAKARTA PUSAT,KEMAYORAN,HARAPAN MULIA,134,9,14,2,109,0,0,0,0,5,2,3,164,26
202007,3174091001,DKI JAKARTA,JAKARTA SELATAN,JAGAKARSA,JAGAKARSA,264,6,2,1,255,1,0,0,1,5,0,5,262,23
202007,3175021007,DKI JAKARTA,JAKARTA TIMUR,PULO GADUNG,JATI,84,11,1,1,71,0,0,0,0,4,0,4,231,26
202007,3174041002,DKI JAKARTA,JAKARTA SELATAN,PASAR MINGGU,JATI PADANG,123,4,1,2,116,0,0,0,0,2,0,2,242,95
202007,3173071004,DKI JAKARTA,JAKARTA BARAT,PALMERAH,JATI PULO,172,8,2,4,158,0,0,0,0,2,0,2,311,26
202007,3175061001,DKI JAKARTA,JAKARTA TIMUR,CAKUNG,JATINEGARA,127,7,1,3,116,0,0,0,0,2,0,2,296,23
202007,3175021004,DKI JAKARTA,JAKARTA TIMUR,PULO GADUNG,JATINEGARA KAUM,17,0,2,0,15,0,0,0,0,3,0,3,85,4
202007,3173021004,DKI JAKARTA,JAKARTA BARAT,GROGOL PETAMBURAN,JELAMBAR,92,4,1,4,83,0,0,0,0,22,4,18,357,55
202007,3173021006,DKI JAKARTA,JAKARTA BARAT,GROGOL PETAMBURAN,JELAMBAR BARU,142,0,1,2,139,0,0,0,0,4,0,4,348,93
202007,3173041006,DKI JAKARTA,JAKARTA BARAT,TAMBORA,JEMBATAN BESI,242,7,31,1,203,0,0,0,0,0,0,0,203,43
202007,3173041008,DKI JAKARTA,JAKARTA BARAT,TAMBORA,JEMBATAN LIMA,60,1,0,0,59,0,0,0,0,0,0,0,88,5
202007,3173081005,DKI JAKARTA,JAKARTA BARAT,KEMBANGAN,JOGLO,87,1,0,4,82,0,0,0,0,4,1,3,168,14
202007,3171081001,DKI JAKARTA,JAKARTA PUSAT,JOHAR BARU,JOHAR BARU,194,5,1,3,185,0,0,0,0,3,0,3,624,40
202007,3173041002,DKI JAKARTA,JAKARTA BARAT,TAMBORA,KALI ANYAR,108,10,2,0,96,0,0,0,0,3,0,3,167,14
202007,3172041004,DKI JAKARTA,JAKARTA UTARA,CILINCING,KALI BARU,96,10,2,5,79,0,0,0,0,1,0,1,166,39
202007,3174081002,DKI JAKARTA,JAKARTA SELATAN,PANCORAN,KALIBATA,144,8,1,3,132,0,0,0,0,5,0,5,215,14
202007,3173061001,DKI JAKARTA,JAKARTA BARAT,KALI DERES,KALIDERES,353,8,17,4,324,0,0,0,0,5,0,5,1086,80
202007,3175051004,DKI JAKARTA,JAKARTA TIMUR,PASAR REBO,KALISARI,168,12,2,0,154,0,0,0,0,1,0,1,119,22
202007,3173061004,DKI JAKARTA,JAKARTA BARAT,KALI DERES,KAMAL,133,1,6,3,123,0,0,0,0,0,0,0,277,27
202007,3172011002,DKI JAKARTA,JAKARTA UTARA,PENJARINGAN,KAMAL MUARA,14,0,0,0,14,0,0,0,0,4,0,4,29,3
202007,3171071007,DKI JAKARTA,JAKARTA PUSAT,TANAH ABANG,KAMPUNG BALI,65,6,1,2,56,0,0,0,0,1,0,1,99,1
202007,3175031001,DKI JAKARTA,JAKARTA TIMUR,JATINEGARA,KAMPUNG MELAYU,39,5,0,4,30,0,0,0,0,3,0,3,66,8
202007,3171081002,DKI JAKARTA,JAKARTA PUSAT,JOHAR BARU,KAMPUNG RAWA,97,5,0,0,92,1,0,0,1,0,0,0,260,9
202007,3175041002,DKI JAKARTA,JAKARTA TIMUR,KRAMAT JATI,KAMPUNG TENGAH,194,8,1,1,184,0,0,0,0,7,0,7,449,55
202007,3173011005,DKI JAKARTA,JAKARTA BARAT,CENGKARENG,KAPUK,142,4,7,16,115,0,0,0,0,3,0,3,338,27
202007,3172011003,DKI JAKARTA,JAKARTA UTARA,PENJARINGAN,KAPUK MUARA,52,3,0,0,49,0,0,0,0,7,0,7,96,11
202007,3171021002,DKI JAKARTA,JAKARTA PUSAT,SAWAH BESAR,KARANG ANYAR,213,16,3,4,190,1,0,1,0,3,1,2,403,28
202007,3174021004,DKI JAKARTA,JAKARTA SELATAN,SETIA BUDI,KARET,51,2,0,0,49,0,0,0,0,8,0,8,137,7
202007,3174021003,DKI JAKARTA,JAKARTA SELATAN,SETIA BUDI,KARET KUNINGAN,77,3,0,1,73,0,0,0,0,19,3,16,152,26
202007,3174021002,DKI JAKARTA,JAKARTA SELATAN,SETIA BUDI,KARET SEMANGGI,39,0,0,1,38,0,0,0,0,3,0,3,40,6
202007,3171071003,DKI JAKARTA,JAKARTA PUSAT,TANAH ABANG,KARET TENGSIN,82,6,11,0,65,0,0,0,0,7,0,7,129,4
202007,3171021003,DKI JAKARTA,JAKARTA PUSAT,SAWAH BESAR,KARTINI,161,8,1,1,151,0,0,0,0,0,0,0,268,32
202007,3175011003,DKI JAKARTA,JAKARTA TIMUR,MATRAMAN,KAYU MANIS,102,1,1,0,100,1,0,0,1,0,0,0,274,14
202007,3175021006,DKI JAKARTA,JAKARTA TIMUR,PULO GADUNG,KAYU PUTIH,155,6,0,4,145,0,0,0,0,10,0,10,375,55
202007,3173031006,DKI JAKARTA,JAKARTA BARAT,TAMAN SARI,KEAGUNGAN,55,3,9,0,43,0,0,0,0,0,0,0,118,22
202007,3174041007,DKI JAKARTA,JAKARTA SELATAN,PASAR MINGGU,KEBAGUSAN,120,8,1,1,110,0,0,0,0,0,0,0,152,28
202007,3174051006,DKI JAKARTA,JAKARTA SELATAN,KEBAYORAN LAMA,KEBAYORAN LAMA SELATAN,140,4,4,0,132,1,0,0,1,1,0,1,415,23
202007,3174051001,DKI JAKARTA,JAKARTA SELATAN,KEBAYORAN LAMA,KEBAYORAN LAMA UTARA,108,4,0,1,103,0,0,0,0,15,0,15,235,18
202007,3174011004,DKI JAKARTA,JAKARTA SELATAN,TEBET,KEBON BARU,82,3,1,2,76,0,0,0,0,15,0,15,266,14
202007,3172021005,DKI JAKARTA,JAKARTA UTARA,TANJUNG PRIOK,KEBON BAWANG,165,12,13,1,139,0,0,0,0,10,3,7,328,42
202007,3173051001,DKI JAKARTA,JAKARTA BARAT,KEBON JERUK,KEBON JERUK,205,5,3,4,193,0,0,0,0,9,0,9,687,23
202007,3171071006,DKI JAKARTA,JAKARTA PUSAT,TANAH ABANG,KEBON KACANG,241,2,18,1,220,0,0,0,0,0,0,0,270,7
202007,3171011005,DKI JAKARTA,JAKARTA PUSAT,GAMBIR,KEBON KELAPA,59,3,1,1,54,0,0,0,0,1,0,1,70,5
202007,3171031002,DKI JAKARTA,JAKARTA PUSAT,KEMAYORAN,KEBON KOSONG,142,6,8,5,123,0,0,0,0,7,0,7,149,13
202007,3175011005,DKI JAKARTA,JAKARTA TIMUR,MATRAMAN,KEBON MANGGIS,62,6,0,3,53,0,0,0,0,1,0,1,60,6
202007,3171071005,DKI JAKARTA,JAKARTA PUSAT,TANAH ABANG,KEBON MELATI,218,7,3,2,206,0,0,0,0,5,0,5,284,9
202007,3175081003,DKI JAKARTA,JAKARTA TIMUR,MAKASAR,KEBON PALA,57,2,0,1,54,0,0,0,0,2,0,2,262,27
202007,3171061005,DKI JAKARTA,JAKARTA PUSAT,MENTENG,KEBON SIRIH,62,0,2,2,58,0,0,0,0,2,0,2,167,38
202007,3173011004,DKI JAKARTA,JAKARTA BARAT,CENGKARENG,KEDAUNG KALI ANGKE,47,2,0,0,45,0,0,0,0,1,0,1,118,12
202007,3173051007,DKI JAKARTA,JAKARTA BARAT,KEBON JERUK,KEDOYA SELATAN,96,2,1,5,88,1,0,0,1,4,0,4,225,8
202007,3173051006,DKI JAKARTA,JAKARTA BARAT,KEBON JERUK,KEDOYA UTARA,86,3,1,2,80,0,0,0,0,15,0,15,311,5
202007,3173051004,DKI JAKARTA,JAKARTA BARAT,KEBON JERUK,KELAPA DUA,56,2,0,0,54,0,0,0,0,1,0,1,137,12
202007,3175091003,DKI JAKARTA,JAKARTA TIMUR,CIRACAS,KELAPA DUA WETAN,119,5,3,1,110,0,0,0,0,0,0,0,427,49
202007,3172061003,DKI JAKARTA,JAKARTA UTARA,KELAPA GADING,KELAPA GADING BARAT,313,6,16,2,289,0,0,0,0,37,2,35,548,37
202007,3172061001,DKI JAKARTA,JAKARTA UTARA,KELAPA GADING,KELAPA GADING TIMUR,301,1,11,2,287,0,0,0,0,11,1,10,573,29
202007,3173071005,DKI JAKARTA,JAKARTA BARAT,PALMERAH,KEMANGGISAN,129,7,0,6,116,0,0,0,0,3,1,2,298,35
202007,3171031001,DKI JAKARTA,JAKARTA PUSAT,KEMAYORAN,KEMAYORAN,156,6,7,3,140,0,0,0,0,0,0,0,236,24
202007,3173081006,DKI JAKARTA,JAKARTA BARAT,KEMBANGAN,KEMBANGAN SELATAN,59,1,1,1,56,0,0,0,0,5,0,5,232,14
202007,3173081001,DKI JAKARTA,JAKARTA BARAT,KEMBANGAN,KEMBANGAN UTARA,107,8,6,3,90,0,0,0,0,2,0,2,445,24
202007,3171041002,DKI JAKARTA,JAKARTA PUSAT,SENEN,KENARI,95,0,5,1,89,0,0,0,0,0,0,0,256,5
202007,3173041005,DKI JAKARTA,JAKARTA BARAT,TAMBORA,KERENDANG,100,5,3,2,90,0,0,0,0,0,0,0,96,2
202007,3175071003,DKI JAKARTA,JAKARTA TIMUR,DUREN SAWIT,KLENDER,252,7,1,2,242,0,0,0,0,2,0,2,228,18
202007,3172031001,DKI JAKARTA,JAKARTA UTARA,KOJA,KOJA,129,2,4,0,123,0,0,0,0,4,0,4,165,9
202007,3173071006,DKI JAKARTA,JAKARTA BARAT,PALMERAH,KOTA BAMBU SELATAN,182,7,0,4,171,0,0,0,0,0,0,0,485,99
202007,3173071003,DKI JAKARTA,JAKARTA BARAT,PALMERAH,KOTA BAMBU UTARA,163,6,5,9,143,0,0,0,0,0,0,0,280,44
202007,3171041004,DKI JAKARTA,JAKARTA PUSAT,SENEN,KRAMAT,151,2,5,4,140,0,0,0,0,3,0,3,489,57
202007,3175041001,DKI JAKARTA,JAKARTA TIMUR,KRAMAT JATI,KRAMAT JATI,105,3,4,1,97,0,0,0,0,4,0,4,220,56
202007,3174071003,DKI JAKARTA,JAKARTA SELATAN,KEBAYORAN BARU,KRAMAT PELA,29,2,0,0,27,0,0,0,0,0,0,0,167,51
202007,3173031002,DKI JAKARTA,JAKARTA BARAT,TAMAN SARI,KRUKUT,66,1,2,6,57,0,0,0,0,3,0,3,158,14
202007,3175021002,DKI JAKARTA,JAKARTA TIMUR,PULO GADUNG,PISANGAN TIMUR,127,3,4,4,116,0,0,0,10,0,10,292,33,259
202007,3172011005,DKI JAKARTA,JAKARTA UTARA,PENJARINGAN,PLUIT,116,3,6,4,103,0,0,0,11,1,10,493,54,439
202007,3175071002,DKI JAKARTA,JAKARTA TIMUR,DUREN SAWIT,PONDOK BAMBU,451,6,2,0,443,0,0,0,3,0,3,197,11,186
202007,3175071004,DKI JAKARTA,JAKARTA TIMUR,DUREN SAWIT,PONDOK KELAPA,213,4,4,0,205,0,0,0,6,1,5,330,25,305
202007,3175071007,DKI JAKARTA,JAKARTA TIMUR,DUREN SAWIT,PONDOK KOPI,132,0,0,1,131,0,0,0,1,0,1,99,7,92
202007,3174061003,DKI JAKARTA,JAKARTA SELATAN,CILANDAK,PONDOK LABU,145,2,2,1,140,2,0,2,71,0,71,416,17,399
202007,3174051002,DKI JAKARTA,JAKARTA SELATAN,KEBAYORAN LAMA,PONDOK PINANG,226,15,2,4,205,0,0,0,43,0,43,407,12,395
202007,3175101003,DKI JAKARTA,JAKARTA TIMUR,CIPAYUNG,PONDOK RANGGON,74,0,0,3,71,0,0,0,2,0,2,101,20,81
202007,3101011003,DKI JAKARTA,KAB.ADM.KEP.SERIBU,KEP. SERIBU UTARA,PULAU HARAPAN,59,0,0,0,59,0,0,0,0,0,0,56,0,56
202007,3101011002,DKI JAKARTA,KAB.ADM.KEP.SERIBU,KEP. SERIBU UTARA,PULAU KELAPA,43,0,0,1,42,0,0,0,0,0,0,137,0,137
202007,3101011001,DKI JAKARTA,KAB.ADM.KEP.SERIBU,KEP. SERIBU UTARA,PULAU PANGGANG,50,0,0,1,49,0,0,0,0,0,0,129,0,129
202007,3101021003,DKI JAKARTA,KAB.ADM.KEP.SERIBU,KEP. SERIBU SELATAN,PULAU PARI,6,0,0,0,6,0,0,0,0,0,0,155,0,155
202007,3101021002,DKI JAKARTA,KAB.ADM.KEP.SERIBU,KEP. SERIBU SELATAN,PULAU TIDUNG,29,0,0,0,29,0,0,0,0,0,0,327,0,327
202007,3101021001,DKI JAKARTA,KAB.ADM.KEP.SERIBU,KEP. SERIBU SELATAN,PULAU UNTUNG JAWA,15,0,0,0,15,0,0,0,0,0,0,95,0,95
202007,3174071007,DKI JAKARTA,JAKARTA SELATAN,KEBAYORAN BARU,PULO,25,0,0,1,24,0,0,0,1,0,1,88,3,85
202007,3175021001,DKI JAKARTA,JAKARTA TIMUR,PULO GADUNG,PULO GADUNG,106,9,2,2,93,0,0,0,8,0,8,301,41,260
202007,3175061005,DKI JAKARTA,JAKARTA TIMUR,CAKUNG,PULO GEBANG,124,1,3,2,118,0,0,0,4,0,4,397,46,351
202007,3174041004,DKI JAKARTA,JAKARTA SELATAN,PASAR MINGGU,RAGUNAN,186,9,2,2,173,1,0,1,1,0,1,290,98,192
202007,3175091005,DKI JAKARTA,JAKARTA TIMUR,CIRACAS,RAMBUTAN,91,1,2,1,87,1,0,1,9,8,1,400,132,268
202007,3172031006,DKI JAKARTA,JAKARTA UTARA,KOJA,RAWA BADAK SELATAN,236,6,2,2,226,0,0,0,2,0,2,225,18,207
202007,3172031004,DKI JAKARTA,JAKARTA UTARA,KOJA,RAWA BADAK UTARA,163,5,1,1,156,0,0,0,2,0,2,198,15,183
202007,3174071005,DKI JAKARTA,JAKARTA SELATAN,KEBAYORAN BARU,RAWA BARAT,27,0,0,2,25,0,0,0,0,0,0,54,2,52
202007,3173011003,DKI JAKARTA,JAKARTA BARAT,CENGKARENG,RAWA BUAYA,67,2,3,2,60,0,0,0,4,1,3,209,26,183
202007,3175031004,DKI JAKARTA,JAKARTA TIMUR,JATINEGARA,RAWA BUNGA,21,1,1,1,18,0,0,0,0,0,0,38,4,34
202007,3174081003,DKI JAKARTA,JAKARTA SELATAN,PANCORAN,RAWA JATI,97,4,2,0,91,0,0,0,10,0,10,219,17,202
202007,3175061002,DKI JAKARTA,JAKARTA TIMUR,CAKUNG,RAWA TERATE,25,0,1,0,24,0,0,0,2,0,2,125,8,117
202007,3175021005,DKI JAKARTA,JAKARTA TIMUR,PULO GADUNG,RAWAMANGUN,91,3,1,0,87,0,0,0,2,0,2,318,23,295
202007,3171051003,DKI JAKARTA,JAKARTA PUSAT,CEMPAKA PUTIH,RAWASARI,271,15,6,2,248,0,0,0,3,0,3,560,39,521
202007,3173041010,DKI JAKARTA,JAKARTA BARAT,TAMBORA,ROA MALAKA,9,0,2,0,7,0,0,0,0,0,0,15,1,14
202007,3172041006,DKI JAKARTA,JAKARTA UTARA,CILINCING,ROROTAN,86,3,4,2,77,0,0,0,1,0,1,208,46,162
202007,3174071004,DKI JAKARTA,JAKARTA SELATAN,KEBAYORAN BARU,SELONG,12,0,1,0,11,0,0,0,2,0,2,57,1,56
202007,3173061002,DKI JAKARTA,JAKARTA BARAT,KALI DERES,SEMANAN,149,2,14,3,130,0,0,0,2,1,1,443,46,397
202007,3172041007,DKI JAKARTA,JAKARTA UTARA,CILINCING,SEMPER BARAT,223,5,9,1,208,0,0,0,10,0,10,492,89,403
202007,3172041005,DKI JAKARTA,JAKARTA UTARA,CILINCING,SEMPER TIMUR,142,10,20,1,111,0,0,0,2,0,2,259,71,188
202007,3174071006,DKI JAKARTA,JAKARTA SELATAN,KEBAYORAN BARU,SENAYAN,22,0,0,0,22,0,0,0,9,0,9,138,15,123
202007,3171041001,DKI JAKARTA,JAKARTA PUSAT,SENEN,SENEN,92,2,18,0,72,0,0,0,5,1,4,491,68,423
202007,3171031004,DKI JAKARTA,JAKARTA PUSAT,KEMAYORAN,SERDANG,160,3,7,2,148,0,0,0,2,0,2,207,18,189
202007,3174021001,DKI JAKARTA,JAKARTA SELATAN,SETIA BUDI,SETIA BUDI,29,0,1,0,28,0,0,0,3,0,3,101,15,86
202007,3175101005,DKI JAKARTA,JAKARTA TIMUR,CIPAYUNG,SETU,94,5,14,0,75,0,0,0,1,0,1,81,7,74
202007,3173071002,DKI JAKARTA,JAKARTA BARAT,PALMERAH,SLIPI,180,2,10,2,166,0,0,0,2,0,2,249,40,209
202007,3173081004,DKI JAKARTA,JAKARTA BARAT,KEMBANGAN,SRENGSENG,133,1,4,3,125,0,0,0,5,0,5,397,61,336
202007,3174091002,DKI JAKARTA,JAKARTA SELATAN,JAGAKARSA,SRENGSENG SAWAH,275,8,43,0,224,1,0,1,5,0,5,215,23,192
202007,3173051003,DKI JAKARTA,JAKARTA BARAT,KEBON JERUK,SUKABUMI SELATAN,105,5,1,4,95,0,0,0,1,0,1,224,14,210
202007,3173051002,DKI JAKARTA,JAKARTA BARAT,KEBON JERUK,SUKABUMI UTARA,96,1,2,3,90,0,0,0,18,0,18,246,15,231
202007,3172041002,DKI JAKARTA,JAKARTA UTARA,CILINCING,SUKAPURA,217,1,14,2,200,0,0,0,5,0,5,465,93,372
202007,3171031007,DKI JAKARTA,JAKARTA PUSAT,KEMAYORAN,SUMUR BATU,133,14,3,1,115,0,0,0,4,0,4,148,18,130
202007,3172021004,DKI JAKARTA,JAKARTA UTARA,TANJUNG PRIOK,SUNGAI BAMBU,88,4,7,0,77,0,0,0,6,1,5,228,23,205
202007,3172021006,DKI JAKARTA,JAKARTA UTARA,TANJUNG PRIOK,SUNTER AGUNG,359,8,9,1,341,0,0,0,17,0,17,947,70,877
202007,3172021002,DKI JAKARTA,JAKARTA UTARA,TANJUNG PRIOK,SUNTER JAYA,309,15,14,6,274,0,0,0,4,0,4,670,89,581
202007,3175091004,DKI JAKARTA,JAKARTA TIMUR,CIRACAS,SUSUKAN,63,1,5,1,56,0,0,0,8,2,6,605,44,561
202007,3173031001,DKI JAKARTA,JAKARTA BARAT,TAMAN SARI,TAMAN SARI,88,5,2,0,81,0,0,0,0,0,0,162,12,150
202007,3173041001,DKI JAKARTA,JAKARTA BARAT,TAMBORA,TAMBORA,69,0,4,3,62,0,0,0,0,0,0,183,6,177
202007,3173041004,DKI JAKARTA,JAKARTA BARAT,TAMBORA,TANAH SEREAL,138,10,3,2,123,0,0,0,4,0,4,113,19,94
202007,3171081004,DKI JAKARTA,JAKARTA PUSAT,JOHAR BARU,TANAH TINGGI,185,10,4,3,168,1,0,1,1,0,1,296,10,286
202007,3173031004,DKI JAKARTA,JAKARTA BARAT,TAMAN SARI,TANGKI,89,5,3,1,80,0,0,0,2,0,2,159,27,132
202007,3174091005,DKI JAKARTA,JAKARTA SELATAN,JAGAKARSA,TANJUNG BARAT,244,9,4,1,230,0,0,0,1,0,1,132,17,115
202007,3173021005,DKI JAKARTA,JAKARTA BARAT,GROGOL PETAMBURAN,TANJUNG DUREN SELATAN,126,13,3,1,109,0,0,0,18,0,18,266,52,214
202007,3173021002,DKI JAKARTA,JAKARTA BARAT,GROGOL PETAMBURAN,TANJUNG DUREN UTARA,96,5,2,0,89,0,0,0,20,0,20,211,13,198
202007,3172021001,DKI JAKARTA,JAKARTA UTARA,TANJUNG PRIOK,TANJUNG PRIOK,149,4,10,6,129,0,0,0,9,1,8,260,35,225
202007,3174011002,DKI JAKARTA,JAKARTA SELATAN,TEBET,TEBET BARAT,120,0,5,0,115,0,0,0,7,0,7,291,18,273
202007,3174011001,DKI JAKARTA,JAKARTA SELATAN,TEBET,TEBET TIMUR,74,4,3,2,65,0,0,0,5,0,5,252,14,238
202007,3173061003,DKI JAKARTA,JAKARTA BARAT,KALI DERES,TEGAL ALUR,277,4,39,6,228,0,0,0,2,1,1,414,42,372
202007,3174031004,DKI JAKARTA,JAKARTA SELATAN,MAMPANG PRAPATAN,TEGAL PARANG,115,9,3,3,100,0,0,0,3,1,2,355,44,311
202007,3173021003,DKI JAKARTA,JAKARTA BARAT,GROGOL PETAMBURAN,TOMANG,149,10,2,2,135,0,0,0,10,0,10,275,16,259
202007,3172031005,DKI JAKARTA,JAKARTA UTARA,KOJA,TUGU SELATAN,195,6,1,1,187,0,0,0,1,1,0,163,9,154
202007,3172031002,DKI JAKARTA,JAKARTA UTARA,KOJA,TUGU UTARA,397,16,3,0,378,0,0,0,5,1,4,334,24,310
202007,3175061006,DKI JAKARTA,JAKARTA TIMUR,CAKUNG,UJUNG MENTENG,38,0,0,2,36,0,0,0,0,0,0,158,23,135
202007,3174101005,DKI JAKARTA,JAKARTA SELATAN,PESANGGRAHAN,ULUJAMI,233,3,34,2,194,0,0,0,0,0,0,620,140,480
202007,3175011006,DKI JAKARTA,JAKARTA TIMUR,MATRAMAN,UTAN KAYU SELATAN,200,15,0,8,177,0,0,0,1,0,1,302,17,285
202007,3175011002,DKI JAKARTA,JAKARTA TIMUR,MATRAMAN,UTAN KAYU UTARA,125,4,2,0,119,1,0,1,0,0,0,186,5,181
202007,3171031008,DKI JAKARTA,JAKARTA PUSAT,KEMAYORAN,UTAN PANJANG,157,7,10,2,138,0,0,0,2,0,2,145,7,138
202007,3172021007,DKI JAKARTA,JAKARTA UTARA,TANJUNG PRIOK,WARAKAS,118,4,6,2,106,0,0,0,7,3,4,270,28,242
202007,3173021007,DKI JAKARTA,JAKARTA BARAT,GROGOL PETAMBURAN,WIJAYA KUSUMA,172,2,31,2,137,0,0,0,5,3,2,456,130,326
202007,3172051003,DKI JAKARTA,JAKARTA UTARA,PADEMANGAN,ANCOL,107,5,1,0,101,0,0,0,0,5,0,5,263,15
202007,3173041007,DKI JAKARTA,JAKARTA BARAT,TAMBORA,ANGKE,187,1,4,1,181,0,0,0,0,0,0,0,276,5
202007,3175041005,DKI JAKARTA,JAKARTA TIMUR,KRAMAT JATI,BALE KAMBANG,59,4,2,0,53,0,0,0,0,2,0,2,101,13
202007,3175031003,DKI JAKARTA,JAKARTA TIMUR,JATINEGARA,BALI MESTER,32,0,1,1,30,0,0,0,0,0,0,0,31,3
202007,3175101006,DKI JAKARTA,JAKARTA TIMUR,CIPAYUNG,BAMBU APUS,107,4,0,1,102,0,0,0,0,2,0,2,117,11
202007,3174031002,DKI JAKARTA,JAKARTA SELATAN,MAMPANG PRAPATAN,BANGKA,90,2,0,2,86,0,0,0,0,18,0,18,366,20
202007,3175051002,DKI JAKARTA,JAKARTA TIMUR,PASAR REBO,BARU,61,10,0,1,50,0,0,0,0,2,0,2,62,8
202007,3175041004,DKI JAKARTA,JAKARTA TIMUR,KRAMAT JATI,BATU AMPAR,128,9,4,0,115,1,0,1,0,1,0,1,213,35
202007,BELUM DIKETAHUI,BELUM DIKETAHUI,BELUM DIKETAHUI,BELUM DIKETAHUI,BELUM DIKETAHUI,11182,17,8,1627,9530,1,0,0,1,122,0,122,6686,116
202007,3171071002,DKI JAKARTA,JAKARTA PUSAT,TANAH ABANG,BENDUNGAN HILIR,153,18,27,0,108,0,0,0,0,2,0,2,220,10
202007,3175031002,DKI JAKARTA,JAKARTA TIMUR,JATINEGARA,BIDARA CINA,62,15,4,3,40,0,0,0,0,0,0,0,117,33
202007,3174101002,DKI JAKARTA,JAKARTA SELATAN,PESANGGRAHAN,BINTARO,318,7,18,2,291,1,0,0,1,7,0,7,600,105
202007,3174011005,DKI JAKARTA,JAKARTA SELATAN,TEBET,BUKIT DURI,86,1,1,3,81,1,0,0,1,13,0,13,197,19
202007,3171041006,DKI JAKARTA,JAKARTA PUSAT,SENEN,BUNGUR,76,1,5,2,68,0,0,0,0,13,0,13,249,2
202007,3175061007,DKI JAKARTA,JAKARTA TIMUR,CAKUNG,CAKUNG BARAT,84,1,4,1,78,0,0,0,0,0,0,0,205,11
202007,3175061004,DKI JAKARTA,JAKARTA TIMUR,CAKUNG,CAKUNG TIMUR,74,8,2,2,62,0,0,0,0,3,0,3,214,22
202007,3175041007,DKI JAKARTA,JAKARTA TIMUR,KRAMAT JATI,CAWANG,79,4,21,0,54,0,0,0,0,4,3,1,203,120
202007,3175101008,DKI JAKARTA,JAKARTA TIMUR,CIPAYUNG,CEGER,68,5,0,0,63,0,0,0,0,0,0,0,63,9
202007,3171031006,DKI JAKARTA,JAKARTA PUSAT,KEMAYORAN,CEMPAKA BARU,193,6,29,1,157,0,0,0,0,4,1,3,198,56
202007,3171051002,DKI JAKARTA,JAKARTA PUSAT,CEMPAKA PUTIH,CEMPAKA PUTIH BARAT,384,15,6,1,362,0,0,0,0,7,0,7,917,114
202007,3171051001,DKI JAKARTA,JAKARTA PUSAT,CEMPAKA PUTIH,CEMPAKA PUTIH TIMUR,227,7,1,1,218,0,0,0,0,7,0,7,736,36
202007,3173011001,DKI JAKARTA,JAKARTA BARAT,CENGKARENG,CENGKARENG BARAT,91,6,5,1,79,0,0,0,0,4,0,4,475,32
202007,3173011006,DKI JAKARTA,JAKARTA BARAT,CENGKARENG,CENGKARENG TIMUR,125,5,4,6,110,1,0,0,1,3,0,3,503,22
202007,3175091002,DKI JAKARTA,JAKARTA TIMUR,CIRACAS,CIBUBUR,185,8,2,4,171,0,0,0,0,15,9,6,803,101
202007,3171011002,DKI JAKARTA,JAKARTA PUSAT,GAMBIR,CIDENG,111,8,0,1,102,0,0,0,0,7,0,7,190,9
202007,3174091003,DKI JAKARTA,JAKARTA SELATAN,JAGAKARSA,CIGANJUR,142,4,1,1,136,0,0,0,0,9,0,9,142,9
202007,3175051003,DKI JAKARTA,JAKARTA TIMUR,PASAR REBO,CIJANTUNG,179,12,0,3,164,0,0,0,0,0,0,0,177,12
202007,3171061003,DKI JAKARTA,JAKARTA PUSAT,MENTENG,CIKINI,42,2,1,0,39,0,0,0,0,0,0,0,111,52
202007,3174081006,DKI JAKARTA,JAKARTA SELATAN,PANCORAN,CIKOKO,25,0,0,0,25,0,0,0,0,8,5,3,104,3
202007,3174061001,DKI JAKARTA,JAKARTA SELATAN,CILANDAK,CILANDAK BARAT,238,4,2,4,228,0,0,0,0,88,0,88,440,16
202007,3174041003,DKI JAKARTA,JAKARTA SELATAN,PASAR MINGGU,CILANDAK TIMUR,86,6,7,1,72,0,0,0,0,17,0,17,95,6
202007,3175101002,DKI JAKARTA,JAKARTA TIMUR,CIPAYUNG,CILANGKAP,107,3,3,1,100,0,0,0,0,1,1,0,111,12
202007,3175041006,DKI JAKARTA,JAKARTA TIMUR,KRAMAT JATI,CILILITAN,93,7,19,1,66,0,0,0,0,2,1,1,229,90
202007,3172041001,DKI JAKARTA,JAKARTA UTARA,CILINCING,CILINCING,142,6,12,1,123,0,0,0,0,3,0,3,391,34
202007,3175101001,DKI JAKARTA,JAKARTA TIMUR,CIPAYUNG,CIPAYUNG,139,4,8,2,125,0,0,0,0,2,0,2,135,14
202007,3174091006,DKI JAKARTA,JAKARTA SELATAN,JAGAKARSA,CIPEDAK,133,2,0,0,131,1,0,0,1,0,0,0,109,4
202007,3174061005,DKI JAKARTA,JAKARTA SELATAN,CILANDAK,CIPETE SELATAN,89,1,0,1,87,0,0,0,0,41,0,41,153,13
202007,3174071010,DKI JAKARTA,JAKARTA SELATAN,KEBAYORAN BARU,CIPETE UTARA,105,5,0,3,97,0,0,0,0,9,0,9,175,25
202007,3172051002,DKI JAKARTA,JAKARTA UTARA,PADEMANGAN,PADEMANGAN BARAT,609,19,10,5,575,0,0,0,0,4,0,4,1320,43
202007,3172051001,DKI JAKARTA,JAKARTA UTARA,PADEMANGAN,PADEMANGAN TIMUR,179,2,7,2,168,0,0,0,0,11,0,11,387,18
202007,3175011004,DKI JAKARTA,JAKARTA TIMUR,MATRAMAN,PAL MERIAM,102,1,0,2,99,1,0,0,1,1,0,1,318,9
202007,3173071001,DKI JAKARTA,JAKARTA BARAT,PALMERAH,PALMERAH,401,18,18,2,363,0,0,0,0,1,0,1,770,123
202007,3174081001,DKI JAKARTA,JAKARTA SELATAN,PANCORAN,PANCORAN,73,6,0,0,67,0,0,0,0,4,1,3,247,6
202007,3172021003,DKI JAKARTA,JAKARTA UTARA,TANJUNG PRIOK,PAPANGGO,118,3,14,0,101,0,0,0,0,4,0,4,264,107
202007,3171021001,DKI JAKARTA,JAKARTA PUSAT,SAWAH BESAR,PASAR BARU,81,8,3,2,68,0,0,0,0,4,0,4,173,24
202007,3174021006,DKI JAKARTA,JAKARTA SELATAN,SETIA BUDI,PASAR MANGGIS,81,5,1,2,73,0,0,0,0,15,1,14,347,24
202007,3174041001,DKI JAKARTA,JAKARTA SELATAN,PASAR MINGGU,PASAR MINGGU,111,5,1,1,104,0,0,0,0,3,1,2,225,16
202007,3171041003,DKI JAKARTA,JAKARTA PUSAT,SENEN,PASEBAN,181,3,1,1,176,0,0,0,0,3,0,3,317,30
202007,3173061005,DKI JAKARTA,JAKARTA BARAT,KALI DERES,PEGADUNGAN,271,2,20,7,242,0,0,0,0,6,0,6,665,140
202007,3171061002,DKI JAKARTA,JAKARTA PUSAT,MENTENG,PEGANGSAAN,109,12,3,2,92,0,0,0,0,0,0,0,432,54
202007,3172061002,DKI JAKARTA,JAKARTA UTARA,KELAPA GADING,PEGANGSAAN DUA,347,3,10,1,333,0,0,0,0,30,5,25,829,58
202007,3172011004,DKI JAKARTA,JAKARTA UTARA,PENJARINGAN,PEJAGALAN,92,7,0,2,83,0,0,0,0,5,0,5,308,60
202007,3174041006,DKI JAKARTA,JAKARTA SELATAN,PASAR MINGGU,PEJATEN BARAT,117,6,1,2,108,2,0,0,2,1,0,1,269,85
202007,3174041005,DKI JAKARTA,JAKARTA SELATAN,PASAR MINGGU,PEJATEN TIMUR,148,5,1,1,141,1,0,0,1,1,0,1,236,22
202007,3175051005,DKI JAKARTA,JAKARTA TIMUR,PASAR REBO,PEKAYON,238,18,4,1,215,0,0,0,0,1,0,1,77,9
202007,3173041009,DKI JAKARTA,JAKARTA BARAT,TAMBORA,PEKOJAN,123,1,3,2,117,0,0,0,0,2,0,2,125,3
202007,3174031003,DKI JAKARTA,JAKARTA SELATAN,MAMPANG PRAPATAN,PELA MAMPANG,136,5,0,2,129,0,0,0,0,12,0,12,509,98
202007,3174081005,DKI JAKARTA,JAKARTA SELATAN,PANCORAN,PENGADEGAN,46,3,1,1,41,0,0,0,0,2,0,2,113,6
202007,3175061003,DKI JAKARTA,JAKARTA TIMUR,CAKUNG,PENGGILINGAN,157,12,1,1,143,0,0,0,0,3,0,3,311,61
202007,3172011001,DKI JAKARTA,JAKARTA UTARA,PENJARINGAN,PENJARINGAN,303,9,2,4,288,1,0,0,1,20,0,20,1793,198
202007,3174101001,DKI JAKARTA,JAKARTA SELATAN,PESANGGRAHAN,PESANGGRAHAN,157,9,13,4,131,0,0,0,0,0,0,0,188,4
202007,3171071004,DKI JAKARTA,JAKARTA PUSAT,TANAH ABANG,PETAMBURAN,318,7,10,5,296,0,0,0,0,7,0,7,225,12
202007,3174071008,DKI JAKARTA,JAKARTA SELATAN,KEBAYORAN BARU,PETOGOGAN,36,1,0,0,35,0,0,0,0,2,0,2,94,5
202007,3171011004,DKI JAKARTA,JAKARTA PUSAT,GAMBIR,PETOJO SELATAN,68,5,1,1,61,0,0,0,0,13,0,13,245,3
202007,3171011003,DKI JAKARTA,JAKARTA PUSAT,GAMBIR,PETOJO UTARA,66,4,2,3,57,0,0,0,0,10,0,10,176,5
202007,3174101004,DKI JAKARTA,JAKARTA SELATAN,PESANGGRAHAN,PETUKANGAN SELATAN,133,7,2,2,122,0,0,0,0,0,0,0,329,14
202007,3174101003,DKI JAKARTA,JAKARTA SELATAN,PESANGGRAHAN,PETUKANGAN UTARA,178,4,1,3,170,1,0,0,1,3,0,3,426,13
202007,3175081002,DKI JAKARTA,JAKARTA TIMUR,MAKASAR,PINANG RANTI,58,2,0,1,55,0,0,0,0,0,0,0,241,87
202007,3173031008,DKI JAKARTA,JAKARTA BARAT,TAMAN SARI,PINANGSIA,32,2,5,1,24,0,0,0,0,2,0,2,97,16
202007,3175011001,DKI JAKARTA,JAKARTA TIMUR,MATRAMAN,PISANGAN BARU,84,0,0,3,81,0,0,0,0,1,0,1,109,6
202007,3175021002,DKI JAKARTA,JAKARTA TIMUR,PULO GADUNG,PISANGAN TIMUR,118,3,2,4,109,0,0,0,0,9,0,9,255,12
202007,3172011005,DKI JAKARTA,JAKARTA UTARA,PENJARINGAN,PLUIT,105,2,1,4,98,0,0,0,0,10,0,10,370,126
202007,3175071002,DKI JAKARTA,JAKARTA TIMUR,DUREN SAWIT,PONDOK BAMBU,436,4,20,0,412,0,0,0,0,3,0,3,176,16
202007,3175071004,DKI JAKARTA,JAKARTA TIMUR,DUREN SAWIT,PONDOK KELAPA,199,6,3,0,190,0,0,0,0,6,1,5,312,18
202007,3175071007,DKI JAKARTA,JAKARTA TIMUR,DUREN SAWIT,PONDOK KOPI,124,2,1,1,120,0,0,0,0,1,0,1,85,6
202007,3174061003,DKI JAKARTA,JAKARTA SELATAN,CILANDAK,PONDOK LABU,138,5,1,1,131,2,0,0,2,71,0,71,403,12
202007,3174051002,DKI JAKARTA,JAKARTA SELATAN,KEBAYORAN LAMA,PONDOK PINANG,210,6,2,4,198,0,0,0,0,43,0,43,394,17
202007,3175101003,DKI JAKARTA,JAKARTA TIMUR,CIPAYUNG,PONDOK RANGGON,74,3,2,3,66,0,0,0,0,2,0,2,84,18
202007,3101011003,DKI JAKARTA,KAB.ADM.KEP.SERIBU,KEP. SERIBU UTARA,PULAU HARAPAN,59,0,0,0,59,0,0,0,0,0,0,0,56,2
202007,3101011002,DKI JAKARTA,KAB.ADM.KEP.SERIBU,KEP. SERIBU UTARA,PULAU KELAPA,43,0,0,1,42,0,0,0,0,0,0,0,137,0
202007,3101011001,DKI JAKARTA,KAB.ADM.KEP.SERIBU,KEP. SERIBU UTARA,PULAU PANGGANG,50,0,0,1,49,0,0,0,0,0,0,0,128,1
202007,3101021003,DKI JAKARTA,KAB.ADM.KEP.SERIBU,KEP. SERIBU SELATAN,PULAU PARI,6,0,0,0,6,0,0,0,0,0,0,0,155,0
202007,3101021002,DKI JAKARTA,KAB.ADM.KEP.SERIBU,KEP. SERIBU SELATAN,PULAU TIDUNG,29,0,0,0,29,0,0,0,0,0,0,0,327,0
202007,3101021001,DKI JAKARTA,KAB.ADM.KEP.SERIBU,KEP. SERIBU SELATAN,PULAU UNTUNG JAWA,15,0,0,0,15,0,0,0,0,0,0,0,95,0
202007,3174071007,DKI JAKARTA,JAKARTA SELATAN,KEBAYORAN BARU,PULO,25,0,0,1,24,0,0,0,0,1,0,1,83,0
202007,3175021001,DKI JAKARTA,JAKARTA TIMUR,PULO GADUNG,PULO GADUNG,97,4,1,2,90,0,0,0,0,8,0,8,273,33
202007,3175061005,DKI JAKARTA,JAKARTA TIMUR,CAKUNG,PULO GEBANG,115,5,3,2,105,0,0,0,0,4,0,4,365,46
202007,3174041004,DKI JAKARTA,JAKARTA SELATAN,PASAR MINGGU,RAGUNAN,170,6,0,2,162,1,0,0,1,1,0,1,191,81
202007,3175091005,DKI JAKARTA,JAKARTA TIMUR,CIRACAS,RAMBUTAN,88,4,1,1,82,1,0,0,1,1,0,1,240,7
202007,3172031006,DKI JAKARTA,JAKARTA UTARA,KOJA,RAWA BADAK SELATAN,209,6,4,2,197,0,0,0,0,1,0,1,201,17
202007,3172031004,DKI JAKARTA,JAKARTA UTARA,KOJA,RAWA BADAK UTARA,148,6,3,1,138,0,0,0,0,2,0,2,172,14
202007,3174071005,DKI JAKARTA,JAKARTA SELATAN,KEBAYORAN BARU,RAWA BARAT,26,0,1,2,23,0,0,0,0,0,0,0,52,0
202007,3173011003,DKI JAKARTA,JAKARTA BARAT,CENGKARENG,RAWA BUAYA,61,2,0,2,57,0,0,0,0,3,0,3,177,12
202007,3175031004,DKI JAKARTA,JAKARTA TIMUR,JATINEGARA,RAWA BUNGA,17,1,0,1,15,0,0,0,0,0,0,0,33,3
202007,3174081003,DKI JAKARTA,JAKARTA SELATAN,PANCORAN,RAWA JATI,70,1,2,0,67,0,0,0,0,6,5,1,130,15
202007,3175061002,DKI JAKARTA,JAKARTA TIMUR,CAKUNG,RAWA TERATE,24,0,1,0,23,0,0,0,0,2,0,2,118,3
202007,3175021005,DKI JAKARTA,JAKARTA TIMUR,PULO GADUNG,RAWAMANGUN,87,8,2,0,77,0,0,0,0,2,0,2,294,33
202007,3171051003,DKI JAKARTA,JAKARTA PUSAT,CEMPAKA PUTIH,RAWASARI,242,13,4,2,223,0,0,0,0,3,0,3,516,35
202007,3173041010,DKI JAKARTA,JAKARTA BARAT,TAMBORA,ROA MALAKA,7,0,0,0,7,0,0,0,0,0,0,0,9,0
202007,3172041006,DKI JAKARTA,JAKARTA UTARA,CILINCING,ROROTAN,74,3,7,2,62,0,0,0,0,1,0,1,147,24
202007,3174071004,DKI JAKARTA,JAKARTA SELATAN,KEBAYORAN BARU,SELONG,11,0,2,0,9,0,0,0,0,2,0,2,56,0
202007,3173061002,DKI JAKARTA,JAKARTA BARAT,KALI DERES,SEMANAN,133,0,6,3,124,0,0,0,0,1,0,1,393,70
202007,3172041007,DKI JAKARTA,JAKARTA UTARA,CILINCING,SEMPER BARAT,204,7,9,1,187,0,0,0,0,10,0,10,379,63
202007,3172041005,DKI JAKARTA,JAKARTA UTARA,CILINCING,SEMPER TIMUR,114,7,10,1,96,0,0,0,0,2,1,1,167,14
202007,3174071006,DKI JAKARTA,JAKARTA SELATAN,KEBAYORAN BARU,SENAYAN,22,0,0,0,22,0,0,0,0,9,0,9,115,13
202007,3171041001,DKI JAKARTA,JAKARTA PUSAT,SENEN,SENEN,85,6,19,0,60,0,0,0,0,5,3,2,489,193
202007,3171031004,DKI JAKARTA,JAKARTA PUSAT,KEMAYORAN,SERDANG,151,2,16,2,131,0,0,0,0,2,0,2,193,29
202007,3174021001,DKI JAKARTA,JAKARTA SELATAN,SETIA BUDI,SETIA BUDI,28,1,0,0,27,0,0,0,0,3,0,3,86,3
202007,3175101005,DKI JAKARTA,JAKARTA TIMUR,CIPAYUNG,SETU,72,1,2,0,69,0,0,0,0,1,0,1,65,11
202007,3173071002,DKI JAKARTA,JAKARTA BARAT,PALMERAH,SLIPI,172,6,3,1,162,0,0,0,0,2,0,2,217,27
202007,3173081004,DKI JAKARTA,JAKARTA BARAT,KEMBANGAN,SRENGSENG,125,3,4,3,115,0,0,0,0,5,0,5,328,29
202007,3174091002,DKI JAKARTA,JAKARTA SELATAN,JAGAKARSA,SRENGSENG SAWAH,141,6,0,0,135,1,0,0,1,5,0,5,195,10
202007,3173051003,DKI JAKARTA,JAKARTA BARAT,KEBON JERUK,SUKABUMI SELATAN,101,9,8,4,80,0,0,0,0,1,0,1,211,17
202007,3173051002,DKI JAKARTA,JAKARTA BARAT,KEBON JERUK,SUKABUMI UTARA,92,4,0,2,86,0,0,0,0,18,0,18,227,15
202007,3172041002,DKI JAKARTA,JAKARTA UTARA,CILINCING,SUKAPURA,190,0,6,2,182,0,0,0,0,5,0,5,323,97
202007,3171031007,DKI JAKARTA,JAKARTA PUSAT,KEMAYORAN,SUMUR BATU,117,4,3,1,109,0,0,0,0,4,0,4,130,13
202007,3172021004,DKI JAKARTA,JAKARTA UTARA,TANJUNG PRIOK,SUNGAI BAMBU,76,0,2,0,74,0,0,0,0,6,2,4,210,53
202007,3172021006,DKI JAKARTA,JAKARTA UTARA,TANJUNG PRIOK,SUNTER AGUNG,344,6,7,1,330,0,0,0,0,17,0,17,877,28
202007,3172021002,DKI JAKARTA,JAKARTA UTARA,TANJUNG PRIOK,SUNTER JAYA,282,6,12,6,258,0,0,0,0,4,0,4,586,49
202007,3175091004,DKI JAKARTA,JAKARTA TIMUR,CIRACAS,SUSUKAN,55,3,1,1,50,0,0,0,0,7,1,6,555,3
202007,3173031001,DKI JAKARTA,JAKARTA BARAT,TAMAN SARI,TAMAN SARI,84,1,2,0,81,0,0,0,0,0,0,0,145,10
202007,3173041001,DKI JAKARTA,JAKARTA BARAT,TAMBORA,TAMBORA,66,4,6,3,53,0,0,0,0,0,0,0,178,9
202007,3173041004,DKI JAKARTA,JAKARTA BARAT,TAMBORA,TANAH SEREAL,115,7,4,2,102,0,0,0,0,4,0,4,99,10
202007,3171081004,DKI JAKARTA,JAKARTA PUSAT,JOHAR BARU,TANAH TINGGI,161,16,4,3,138,1,0,0,1,1,0,1,283,21
202007,3173031004,DKI JAKARTA,JAKARTA BARAT,TAMAN SARI,TANGKI,85,3,3,1,78,0,0,0,0,2,1,1,139,15
202007,3174091005,DKI JAKARTA,JAKARTA SELATAN,JAGAKARSA,TANJUNG BARAT,139,4,2,1,132,0,0,0,0,1,0,1,116,2
202007,3173021005,DKI JAKARTA,JAKARTA BARAT,GROGOL PETAMBURAN,TANJUNG DUREN SELATAN,108,4,10,1,93,0,0,0,0,18,1,17,223,24
202007,3173021002,DKI JAKARTA,JAKARTA BARAT,GROGOL PETAMBURAN,TANJUNG DUREN UTARA,89,5,1,0,83,0,0,0,0,20,1,19,194,18
202007,3172021001,DKI JAKARTA,JAKARTA UTARA,TANJUNG PRIOK,TANJUNG PRIOK,136,7,5,6,118,0,0,0,0,9,1,8,219,12
202007,3174011002,DKI JAKARTA,JAKARTA SELATAN,TEBET,TEBET BARAT,115,5,1,0,109,0,0,0,0,7,0,7,277,21
202007,3174011001,DKI JAKARTA,JAKARTA SELATAN,TEBET,TEBET TIMUR,68,6,0,1,61,0,0,0,0,5,0,5,235,15
202007,3173061003,DKI JAKARTA,JAKARTA BARAT,KALI DERES,TEGAL ALUR,244,6,21,5,212,0,0,0,0,1,0,1,378,29
202007,3174031004,DKI JAKARTA,JAKARTA SELATAN,MAMPANG PRAPATAN,TEGAL PARANG,103,6,1,2,94,0,0,0,0,2,0,2,331,33
202007,3173021003,DKI JAKARTA,JAKARTA BARAT,GROGOL PETAMBURAN,TOMANG,137,8,4,2,123,0,0,0,0,10,0,10,259,24
202007,3172031005,DKI JAKARTA,JAKARTA UTARA,KOJA,TUGU SELATAN,175,7,2,1,165,0,0,0,0,1,1,0,156,9
202007,3172031002,DKI JAKARTA,JAKARTA UTARA,KOJA,TUGU UTARA,350,17,5,0,328,0,0,0,0,3,0,3,269,15
202007,3175061006,DKI JAKARTA,JAKARTA TIMUR,CAKUNG,UJUNG MENTENG,37,1,1,2,33,0,0,0,0,0,0,0,135,14
202007,3174101005,DKI JAKARTA,JAKARTA SELATAN,PESANGGRAHAN,ULUJAMI,197,2,21,1,173,0,0,0,0,0,0,0,488,82
202007,3175011006,DKI JAKARTA,JAKARTA TIMUR,MATRAMAN,UTAN KAYU SELATAN,182,5,1,8,168,0,0,0,0,1,0,1,280,4
202007,3175011002,DKI JAKARTA,JAKARTA TIMUR,MATRAMAN,UTAN KAYU UTARA,109,1,0,0,108,1,0,0,1,0,0,0,177,6
202007,3171031008,DKI JAKARTA,JAKARTA PUSAT,KEMAYORAN,UTAN PANJANG,146,10,14,2,120,0,0,0,0,2,1,1,140,27
202007,3172021007,DKI JAKARTA,JAKARTA UTARA,TANJUNG PRIOK,WARAKAS,105,1,4,2,98,0,0,0,0,4,0,4,238,36
202007,3173021007,DKI JAKARTA,JAKARTA BARAT,GROGOL PETAMBURAN,WIJAYA KUSUMA,139,4,12,2,121,0,0,0,0,2,1,1,325,57
202007,3175021003,DKI JAKARTA,JAKARTA TIMUR,PULO GADUNG,CIPINANG,59,4,1,2,52,0,0,0,0,3,0,3,245,24
202007,3175031007,DKI JAKARTA,JAKARTA TIMUR,JATINEGARA,CIPINANG BESAR SELATAN,60,1,3,1,55,0,0,0,0,1,0,1,108,8
202007,3175031008,DKI JAKARTA,JAKARTA TIMUR,JATINEGARA,CIPINANG BESAR UTARA,47,3,1,0,43,0,0,0,0,3,0,3,240,23
202007,3175031005,DKI JAKARTA,JAKARTA TIMUR,JATINEGARA,CIPINANG CEMPEDAK,66,4,0,2,60,0,0,0,0,1,0,1,72,7
202007,3175081005,DKI JAKARTA,JAKARTA TIMUR,MAKASAR,CIPINANG MELAYU,69,4,3,2,60,0,0,0,0,2,0,2,173,24
202007,3175031006,DKI JAKARTA,JAKARTA TIMUR,JATINEGARA,CIPINANG MUARA,89,6,1,1,81,0,0,0,0,3,0,3,193,11
202007,3174051003,DKI JAKARTA,JAKARTA SELATAN,KEBAYORAN LAMA,CIPULIR,86,5,0,4,77,0,0,0,0,6,1,5,304,20
202007,3175091001,DKI JAKARTA,JAKARTA TIMUR,CIRACAS,CIRACAS,177,9,6,9,153,0,0,0,0,13,4,9,508,64
202007,3175041003,DKI JAKARTA,JAKARTA TIMUR,KRAMAT JATI,DUKUH,85,8,3,1,73,0,0,0,0,1,0,1,126,25
202007,3175071001,DKI JAKARTA,JAKARTA TIMUR,DUREN SAWIT,DUREN SAWIT,312,11,7,2,292,2,0,0,2,1,0,1,210,22
202007,3174081004,DKI JAKARTA,JAKARTA SELATAN,PANCORAN,DUREN TIGA,84,0,1,0,83,0,0,0,0,0,0,0,189,7
202007,3173051005,DKI JAKARTA,JAKARTA BARAT,KEBON JERUK,DURI KEPA,145,9,2,2,132,0,0,0,0,7,0,7,509,12
202007,3173011002,DKI JAKARTA,JAKARTA BARAT,CENGKARENG,DURI KOSAMBI,131,5,2,3,121,0,0,0,0,3,0,3,309,19
202007,3171011006,DKI JAKARTA,JAKARTA PUSAT,GAMBIR,DURI PULO,47,5,0,3,39,0,0,0,0,0,0,0,105,5
202007,3173041011,DKI JAKARTA,JAKARTA BARAT,TAMBORA,DURI SELATAN,35,6,0,1,28,0,0,0,0,1,0,1,45,0
202007,3173041003,DKI JAKARTA,JAKARTA BARAT,TAMBORA,DURI UTARA,77,3,6,2,66,0,0,0,0,1,0,1,68,4
202007,3171081003,DKI JAKARTA,JAKARTA PUSAT,JOHAR BARU,GALUR,40,2,0,0,38,0,0,0,0,2,0,2,161,19
202007,3171011001,DKI JAKARTA,JAKARTA PUSAT,GAMBIR,GAMBIR,28,0,0,0,28,0,0,0,0,17,0,17,98,3
202007,3174061004,DKI JAKARTA,JAKARTA SELATAN,CILANDAK,GANDARIA SELATAN,56,1,2,0,53,1,0,0,1,20,0,20,119,28
202007,3174071009,DKI JAKARTA,JAKARTA SELATAN,KEBAYORAN BARU,GANDARIA UTARA,100,8,0,1,91,0,0,0,0,1,0,1,266,38
202007,3175051001,DKI JAKARTA,JAKARTA TIMUR,PASAR REBO,GEDONG,253,30,0,0,223,0,0,0,0,0,0,0,105,12
202007,3174031005,DKI JAKARTA,JAKARTA SELATAN,MAMPANG PRAPATAN,KUNINGAN BARAT,39,1,0,1,37,0,0,0,0,0,0,0,247,40
202007,3174021008,DKI JAKARTA,JAKARTA SELATAN,SETIA BUDI,KUNINGAN TIMUR,62,0,0,1,61,0,0,0,0,17,0,17,44,2
202007,3171041005,DKI JAKARTA,JAKARTA PUSAT,SENEN,KWITANG,126,2,11,0,113,1,0,0,1,2,0,2,255,9
202007,3172031003,DKI JAKARTA,JAKARTA UTARA,KOJA,LAGOA,231,9,1,1,220,0,0,0,0,3,0,3,181,13
202007,3174061002,DKI JAKARTA,JAKARTA SELATAN,CILANDAK,LEBAK BULUS,129,6,2,2,119,0,0,0,0,27,0,27,254,8
202007,3174091004,DKI JAKARTA,JAKARTA SELATAN,JAGAKARSA,LENTENG AGUNG,207,6,1,0,200,0,0,0,0,3,0,3,133,9
202007,LUAR DKI JAKARTA,LUAR DKI JAKARTA,LUAR DKI JAKARTA,LUAR DKI JAKARTA,LUAR DKI JAKARTA,10390,333,127,93,9837,11,0,1,10,276,15,261,12048,1079
202007,3175101007,DKI JAKARTA,JAKARTA TIMUR,CIPAYUNG,LUBANG BUAYA,164,4,0,3,157,0,0,0,0,3,0,3,263,37
202007,3175081001,DKI JAKARTA,JAKARTA TIMUR,MAKASAR,MAKASAR,71,7,0,1,63,0,0,0,0,4,0,4,252,70
202007,3175071006,DKI JAKARTA,JAKARTA TIMUR,DUREN SAWIT,MALAKA JAYA,140,7,2,2,129,0,0,0,0,2,0,2,148,11
202007,3175071005,DKI JAKARTA,JAKARTA TIMUR,DUREN SAWIT,MALAKA SARI,131,3,9,1,118,0,0,0,0,0,0,0,87,11
202007,3174031001,DKI JAKARTA,JAKARTA SELATAN,MAMPANG PRAPATAN,MAMPANG PRAPATAN,70,1,0,2,67,0,0,0,0,0,0,0,333,47
202007,3173031005,DKI JAKARTA,JAKARTA BARAT,TAMAN SARI,MANGGA BESAR,37,0,8,1,28,0,0,0,0,0,0,0,64,7
202007,3171021005,DKI JAKARTA,JAKARTA PUSAT,SAWAH BESAR,MANGGA DUA SELATAN,95,13,1,1,80,0,0,0,0,1,0,1,181,25
202007,3174011007,DKI JAKARTA,JAKARTA SELATAN,TEBET,MANGGARAI,72,3,0,0,69,0,0,0,0,4,0,4,207,26
202007,3174011006,DKI JAKARTA,JAKARTA SELATAN,TEBET,MANGGARAI SELATAN,51,1,5,2,43,0,0,0,0,6,0,6,222,23
202007,3173031003,DKI JAKARTA,JAKARTA BARAT,TAMAN SARI,MAPHAR,84,2,1,1,80,0,0,0,0,5,0,5,138,11
202007,3172041003,DKI JAKARTA,JAKARTA UTARA,CILINCING,MARUNDA,77,5,12,0,60,0,0,0,0,0,0,0,89,12
202007,3174071001,DKI JAKARTA,JAKARTA SELATAN,KEBAYORAN BARU,MELAWAI,8,0,0,0,8,0,0,0,0,1,0,1,21,7
202007,3171061001,DKI JAKARTA,JAKARTA PUSAT,MENTENG,MENTENG,90,3,1,2,84,1,0,0,1,1,0,1,286,37
202007,3174021005,DKI JAKARTA,JAKARTA SELATAN,SETIA BUDI,MENTENG ATAS,126,4,15,3,104,0,0,0,0,33,2,31,544,128
202007,3174011003,DKI JAKARTA,JAKARTA SELATAN,TEBET,MENTENG DALAM,117,7,4,4,102,0,0,0,0,11,0,11,275,23
202007,3173081003,DKI JAKARTA,JAKARTA BARAT,KEMBANGAN,MERUYA SELATAN,76,2,3,1,70,0,0,0,0,2,0,2,142,23
202007,3173081002,DKI JAKARTA,JAKARTA BARAT,KEMBANGAN,MERUYA UTARA,89,2,4,6,77,0,0,0,0,3,0,3,166,23
202007,3175101004,DKI JAKARTA,JAKARTA TIMUR,CIPAYUNG,MUNJUL,73,2,5,0,66,0,0,0,0,2,0,2,69,10